{
  "Author": "yomishino",
  "Name": "Aether Compass",
  "InternalName": "AetherCompass",
  "AssemblyVersion": "1.6.4.0",
  "Description": "This plugin detects certain objects/NPCs such as Aether Currents nearby and shows where they are by various ways, e.g. pointing to their locations on screen and notifying you in Chat.\n\nCurrently detects:\n\t- Aether Currents\n\t- Eureka Elementals (by apetih)\n\t- Mob Hunt Elite Marks\n\t- Gathering Points\n\t- [Experimental] Island Sanctuary Gathering Objects and Animals\n\t- [Experimental] Quest-related NPCs/Objects \n\nNote: Because most objects/NPCs are not loaded when they are too faraway or when there are too many entities nearby (such as too many player characters), they will not be detected in this case.\n\nIcon by Lumas Arkfrost",
  "ApplicableVersion": "any",
  "RepoUrl": "https://github.com/raguilar127/FFXIVAetherCompass",
  "Tags": [
    "map",
    "compass"
  ],
  "CategoryTags": [
    "UI"
  ],
  "DalamudApiLevel": 10,
  "LoadRequiredState": 0,
  "LoadSync": false,
  "CanUnloadAsync": false,
  "LoadPriority": 0,
  "IconUrl": "https://raw.githubusercontent.com/yomishino/FFXIVAetherCompass/master/res/img/icon_by_arkfrostlumas.png",
  "Punchline": "Compasses that detect and mark certain nearby objects/NPCs",
  "AcceptsFeedback": true
}